Date,Close,High,Low,Open,Volume,SMA_50,SMA_200,EMA_50,EMA_200,High-Low,High-Close,Low-Close,True_Range,ATR_14,RSI_14,Interest_Rate,FGI_Score,FGI_Normalized,Market_Sentiment
2024-04-15,22272.5,22427.44921875,22259.55078125,22339.05078125,355500.0,,,22272.5,22272.5,0,0,0,0.0,,,1.7046,1,75.0,游댮 Extreme Greed
2024-04-16,22147.900390625,22213.75,22079.44921875,22125.30078125,317300.0,,,22267.613740808825,22271.260202891794,0,0,0,445.4499999999971,,0.0,1.7046,0,50.0,游릭 Greed
2024-04-18,21995.849609375,22326.5,21961.69921875,22212.349609375,456900.0,,,22256.95632388985,22268.519798976205,0,0,0,442.9580078125,,0.0,1.7046,0,50.0,游릭 Greed
2024-04-19,22147.0,22179.55078125,21777.650390625,21861.5,362500.0,,,22252.64431118829,22267.310646747588,0,0,0,439.9169921875,,35.33195759562442,1.7046,1,75.0,游댮 Extreme Greed
2024-04-22,22336.400390625,22375.650390625,22198.150390625,22336.900390625,279300.0,,,22255.928863323064,22267.998106885676,0,0,0,442.9400000000023,,55.17662583423785,1.7046,1,75.0,游댮 Extreme Greed
2024-04-23,22368.0,22447.55078125,22349.44921875,22447.05078125,231500.0,,,22260.323809859416,22268.993150598257,0,0,0,446.7280078124968,,57.3597321982263,1.7046,1,75.0,游댮 Extreme Greed
2024-04-24,22402.400390625,22476.44921875,22384.0,22421.55078125,235900.0,,,22265.895440477674,22270.320585822406,0,0,0,447.3600000000006,,59.50674530230218,1.7046,1,75.0,游댮 Extreme Greed
2024-04-25,22570.349609375,22625.94921875,22305.25,22316.900390625,475000.0,,,22277.83481965012,22273.305949240843,0,0,0,448.0480078125038,,67.4968849603822,1.7046,1,75.0,游댮 Extreme Greed
2024-04-26,22419.94921875,22620.400390625,22385.55078125,22620.400390625,329900.0,,,22283.407933340313,22274.765086250885,0,0,0,451.40699218749796,,57.361045566055765,1.7046,1,75.0,游댮 Extreme Greed
2024-04-29,22643.400390625,22655.80078125,22441.900390625,22475.55078125,292000.0,,,22297.52528460638,22278.433099229733,0,0,0,448.3989843750023,,65.1387673170164,1.7046,1,75.0,游댮 Extreme Greed
2024-04-30,22604.849609375,22783.349609375,22568.400390625,22679.650390625,361900.0,,,22309.577218911036,22281.681024703816,0,0,0,452.8680078125035,,63.15139449005238,1.7046,1,75.0,游댮 Extreme Greed
2024-05-02,22648.19921875,22710.5,22567.849609375,22567.849609375,445900.0,,,22322.85651302237,22285.327971908257,0,0,0,452.0969921875003,,64.37365310984049,1.7046,1,75.0,游댮 Extreme Greed
2024-05-03,22475.849609375,22794.69921875,22348.05078125,22766.349609375,438100.0,,,22328.8562422911,22287.223709594495,0,0,0,452.9639843749974,,56.873393303467104,1.7046,1,75.0,游댮 Extreme Greed
2024-05-06,22442.69921875,22588.80078125,22409.44921875,22561.599609375,320300.0,,,22333.32067274047,22288.770729586093,0,0,0,449.51699218749854,415.76092633928573,55.626783754116346,1.7046,1,75.0,游댮 Extreme Greed
2024-05-07,22302.5,22499.05078125,22232.05078125,22489.75,297800.0,,,22332.11201890751,22288.907339241956,0,0,0,448.8539843749968,447.8219252232141,50.907659797762044,1.7046,1,75.0,游댮 Extreme Greed
2024-05-08,22302.5,22368.650390625,22185.19921875,22231.19921875,277400.0,,,22330.95076326408,22289.04258959776,0,0,0,446.0500000000029,447.86478236607167,55.058881274949286,1.7046,1,75.0,游댮 Extreme Greed
2024-05-09,21957.5,22307.75,21932.400390625,22224.80078125,331300.0,,,22316.30563529294,22285.743658357984,0,0,0,446.0500000000029,448.08563895089327,48.885801933206,1.7046,1,75.0,游댮 Extreme Greed
2024-05-10,22055.19921875,22131.30078125,21950.30078125,21990.94921875,265800.0,,,22306.066167977533,22283.449683834522,0,0,0,439.15000000000146,448.0308537946434,47.24735288605697,1.7046,1,75.0,游댮 Extreme Greed
2024-05-13,22104.05078125,22131.650390625,21821.05078125,22027.94921875,278200.0,,,22298.143995949,22281.664620127212,0,0,0,441.1039843749968,447.8997098214287,42.3917144943905,1.7046,1,75.0,游댮 Extreme Greed
2024-05-14,22217.849609375,22270.05078125,22081.25,22112.900390625,230200.0,,,22294.995196475513,22281.029644895847,0,0,0,442.0810156250009,447.56778180803616,45.33448236100912,1.7046,1,75.0,游댮 Extreme Greed
2024-05-15,22200.55078125,22297.55078125,22151.75,22255.599609375,231900.0,,,22291.29149391765,22280.228860182953,0,0,0,444.3569921875023,447.3532812500006,43.66069665046882,1.7046,1,75.0,游댮 Extreme Greed
2024-05-16,22403.849609375,22432.25,22054.55078125,22319.19921875,368900.0,,,22295.705537661077,22281.458917388845,0,0,0,444.01101562500116,447.0649246651789,44.88447339743743,1.7046,1,75.0,游댮 Extreme Greed
2024-05-17,22466.099609375,22502.150390625,22345.650390625,22415.25,242700.0,,,22302.387658120446,22283.29613820463,0,0,0,448.0769921875035,446.8270675223222,51.49912129882818,1.7046,1,75.0,游댮 Extreme Greed
2024-05-21,22529.05078125,22591.099609375,22404.55078125,22404.55078125,347600.0,,,22311.276408047095,22285.74145803593,0,0,0,449.32199218749884,446.89299665178623,45.85313612468286,1.7046,1,75.0,游댮 Extreme Greed
2024-05-22,22597.80078125,22629.5,22483.150390625,22576.599609375,290300.0,,,22322.512657976622,22288.84652592861,0,0,0,450.5810156250009,446.72964006696463,49.749854792405124,1.7046,1,75.0,游댮 Extreme Greed
2024-05-23,22967.650390625,22993.599609375,22577.44921875,22614.099609375,369800.0,,,22347.81217690401,22295.600793239024,0,0,0,451.9560156250009,446.71957031250037,59.203713019765935,1.7046,1,75.0,游댮 Extreme Greed
2024-05-24,22957.099609375,23026.400390625,22908.0,22930.75,261900.0,,,22371.705801706798,22302.182871011522,0,0,0,459.3530078124968,447.17592912946463,65.29089943254877,1.7046,1,75.0,游댮 Extreme Greed
2024-05-27,22932.44921875,23110.80078125,22871.19921875,23038.94921875,260000.0,,,22393.69573963006,22308.454177954194,0,0,0,459.14199218749854,447.86342912946463,65.6454809098578,1.7046,1,75.0,游댮 Extreme Greed
2024-05-28,22888.150390625,22998.55078125,22858.5,22977.150390625,217900.0,,,22413.08611810045,22314.22229947331,0,0,0,458.6489843750023,448.5630719866079,69.93027630258356,1.7046,1,75.0,游댮 Extreme Greed
2024-05-29,22704.69921875,22825.5,22685.44921875,22762.75,269900.0,,,22424.521925969064,22318.107641953673,0,0,0,457.7630078125003,449.39971540178624,62.16794968458323,1.7046,1,75.0,游댮 Extreme Greed
2024-05-30,22488.650390625,22705.75,22417.0,22617.44921875,373400.0,,,22427.036767720278,22319.804584726524,0,0,0,454.09398437500204,449.97428571428617,67.42907535515197,1.7046,1,75.0,游댮 Extreme Greed
2024-05-31,22530.69921875,22653.75,22465.099609375,22568.099609375,572100.0,,,22431.101961878307,22321.903038796412,0,0,0,449.7730078125023,450.7330719866077,66.19442677997941,1.7046,1,75.0,游댮 Extreme Greed
2024-06-03,23263.900390625,23338.69921875,23062.30078125,23337.900390625,569400.0,,,22463.760723789943,22331.276146774806,0,0,0,450.61398437499884,451.41235770089355,76.94257898667306,1.7046,2,100.0,游댮 Extreme Greed
2024-06-04,21884.5,23179.5,21281.44921875,23179.5,1006100.0,,,22441.044616974654,22326.830612976053,0,0,0,465.2780078124997,453.0692857142863,45.12368567364993,1.7046,1,75.0,游댮 Extreme Greed
2024-06-05,22620.349609375,22670.400390625,21791.94921875,22128.349609375,638500.0,,,22448.07618530408,22329.7512000049,0,0,0,437.6900000000023,452.59307198660775,55.07420185378332,1.7046,1,75.0,游댮 Extreme Greed
2024-06-06,22821.400390625,22910.150390625,22642.599609375,22798.599609375,480400.0,,,22462.716350218623,22334.643231752365,0,0,0,452.40699218749796,453.19278459821464,55.049773524793224,1.7046,1,75.0,游댮 Extreme Greed
2024-06-07,23290.150390625,23320.19921875,22789.05078125,22821.849609375,473600.0,,,22495.16474396005,22344.150765671497,0,0,0,456.42800781250116,453.78928571428594,59.0737471805433,1.7046,1,75.0,游댮 Extreme Greed
2024-06-10,23259.19921875,23411.900390625,23227.150390625,23319.150390625,304400.0,,,22525.126880226326,22353.255725403622,0,0,0,465.80300781250116,454.9665011160718,58.09683383206298,1.7046,1,75.0,游댮 Extreme Greed
2024-06-11,23264.849609375,23389.44921875,23206.650390625,23283.75,305200.0,,,22554.135614702744,22362.326311313787,0,0,0,465.18398437499854,456.0095703125002,57.50209227998111,1.7046,1,75.0,游댮 Extreme Greed
2024-06-12,23322.94921875,23441.94921875,23295.94921875,23344.44921875,295600.0,,,22584.285167802638,22371.8847482037,0,0,0,465.2969921874974,456.9624972098214,54.297274555669006,1.7046,1,75.0,游댮 Extreme Greed
2024-06-13,23398.900390625,23481.05078125,23353.900390625,23480.94921875,268300.0,,,22616.230862815282,22382.10380932232,0,0,0,466.458984375,457.4700669642859,55.26028164350024,1.7046,1,75.0,游댮 Extreme Greed
2024-06-14,23465.599609375,23490.400390625,23334.25,23464.94921875,223100.0,,,22649.539441111745,22392.884862059167,0,0,0,467.9780078124968,458.10121093750007,56.28499974443078,1.7046,1,75.0,游댮 Extreme Greed
2024-06-18,23557.900390625,23579.05078125,23499.69921875,23570.80078125,272200.0,,,22685.161439131873,22404.477056373256,0,0,0,469.3119921874968,458.86285435267826,57.80693925871961,1.7046,1,75.0,游댮 Extreme Greed
2024-06-19,23516.0,23664.0,23412.900390625,23629.849609375,328800.0,,,22717.743343479644,22415.536986160587,0,0,0,471.1580078124971,459.8196400669637,59.77965142395959,1.7046,1,75.0,游댮 Extreme Greed
2024-06-20,23567.0,23624.0,23442.599609375,23586.150390625,280300.0,,,22751.04752608829,22426.994329581874,0,0,0,470.3199999999997,460.978641183035,63.53739982081393,1.7046,1,75.0,游댮 Extreme Greed
2024-06-21,23501.099609375,23667.099609375,23398.19921875,23661.150390625,609900.0,,,22780.461333276005,22437.681944306183,0,0,0,471.3400000000038,462.51914062499935,62.10970575202797,1.7046,1,75.0,游댮 Extreme Greed
2024-06-24,23537.849609375,23558.099609375,23350.0,23382.30078125,239400.0,,,22810.162834299495,22448.62888624717,0,0,0,470.0219921875032,463.9054268973211,54.13788830869988,1.7046,1,75.0,游댮 Extreme Greed
2024-06-25,23721.30078125,23754.150390625,23562.05078125,23577.099609375,298100.0,,,22845.893734179906,22461.2922881875,0,0,0,470.7569921875038,464.2967829241071,93.4374665134445,1.7046,2,100.0,游댮 Extreme Greed
2024-06-26,23868.80078125,23889.900390625,23670.44921875,23723.099609375,287800.0,,,22886.007736025793,22475.29734781996,0,0,0,474.42601562500204,466.92078404017855,90.90720591228086,1.7046,2,100.0,游댮 Extreme Greed
2024-06-27,24044.5,24087.44921875,23805.400390625,23881.55078125,515200.0,22759.7589453125,,22931.43880520125,22490.91130455807,0,0,0,477.3760156249991,468.70428571428573,90.75359002692927,1.7046,2,100.0,游댮 Extreme Greed
2024-06-28,24010.599609375,24174.0,23985.80078125,24085.900390625,354800.0,22794.5209375,,22973.758836737477,22506.032581222917,0,0,0,480.8899999999994,470.45157087053565,83.79998020767283,1.7046,2,100.0,游댮 Extreme Greed
2024-07-01,24141.94921875,24164.0,23992.69921875,23992.94921875,0.0,22834.4019140625,,23019.57022426738,22522.31035871075,0,0,0,480.21199218749825,471.48078404017826,87.84882844557589,1.7046,2,100.0,游댮 Extreme Greed
2024-07-02,24123.849609375,24236.349609375,24056.400390625,24228.75,0.0,22876.9619140625,,23062.87529819317,22538.246072647707,0,0,0,482.8389843749974,472.74185546874963,86.44149249971828,1.7046,2,100.0,游댮 Extreme Greed
2024-07-03,24286.5,24309.150390625,24207.099609375,24291.75,0.0,22919.7519140625,,23110.860580616965,22555.6416341139,0,0,0,482.4769921874977,473.9689983258925,87.54623470639629,1.7046,2,100.0,游댮 Extreme Greed
2024-07-04,24302.150390625,24401.0,24281.0,24369.94921875,251200.0,22959.0669140625,,23157.57782806826,22573.019830696103,0,0,0,485.7300000000032,475.34549944196414,86.93211946973327,1.7046,2,100.0,游댮 Extreme Greed
2024-07-05,24323.849609375,24363.0,24168.849609375,24213.349609375,298400.0,22998.18390625,,23203.313976354802,22590.44102252375,0,0,0,486.0430078124991,476.63585658482145,86.43285908533147,1.7046,2,100.0,游댮 Extreme Greed
2024-07-08,24320.55078125,24344.599609375,24240.55078125,24329.44921875,266300.0,23036.5469140625,,23247.12718438991,22607.65604499864,0,0,0,486.4769921874977,477.86192801339297,85.02092410460438,1.7046,2,100.0,游댮 Extreme Greed
2024-07-09,24433.19921875,24443.599609375,24331.900390625,24351.0,250500.0,23073.80390625,,23293.639813188343,22625.820653692685,0,0,0,486.4110156250026,478.95142857142906,89.54816628881919,1.7046,2,100.0,游댮 Extreme Greed
2024-07-10,24324.44921875,24461.05078125,24141.80078125,24459.849609375,292300.0,23111.89390625,,23334.063711445662,22642.722430459427,0,0,0,488.66398437500175,480.2617131696435,81.1106369187623,1.7046,2,100.0,游댮 Extreme Greed
2024-07-11,24315.94921875,24402.650390625,24193.75,24396.55078125,306400.0,23145.3448828125,,23372.5690254576,22659.371453228487,0,0,0,486.48898437499884,481.3437834821431,85.12442477011852,1.7046,2,100.0,游댮 Extreme Greed
2024-07-12,24502.150390625,24592.19921875,24331.150390625,24387.94921875,325800.0,23183.2908984375,,23416.866333895538,22677.707562058305,0,0,0,486.3189843750006,482.5078543526787,86.82228241737916,1.7046,2,100.0,游댮 Extreme Greed
2024-07-15,24586.69921875,24635.05078125,24522.75,24587.599609375,305400.0,23222.0608984375,,23462.742133301595,22696.702503915934,0,0,0,490.0430078124991,483.8854268973212,85.74561049672946,1.7046,2,100.0,游댮 Extreme Greed
2024-07-16,24613.0,24661.25,24587.650390625,24615.900390625,283200.0,23264.80390625,,23507.850284936827,22715.77014069289,0,0,0,491.73398437500146,485.121710379464,84.15961414329772,1.7046,0,50.0,游릭 Greed
2024-07-18,24800.849609375,24837.75,24504.44921875,24543.80078125,350900.0,23311.9669140625,,23558.556140797147,22736.517200082766,0,0,0,492.26000000000204,486.18485212053565,84.33435412569754,1.7046,0,50.0,游릭 Greed
2024-07-19,24530.900390625,24854.80078125,24508.150390625,24853.80078125,343800.0,23356.534921875,,23596.68728784922,22754.37175919264,0,0,0,496.01699218749854,487.26535156249986,69.4505533018496,1.7046,-1,25.0,游 Fear
2024-07-22,24509.25,24595.19921875,24362.30078125,24445.75,324200.0,23400.669921875,,23632.47406087474,22771.83323422555,0,0,0,490.6180078125035,488.0086383928574,64.95771771083878,1.7046,-1,25.0,游 Fear
2024-07-23,24479.05078125,24582.55078125,24074.19921875,24568.900390625,436400.0,23451.1009375,,23665.67314794828,22788.820473499425,0,0,0,490.1849999999977,488.5333537946431,64.32382365589365,1.7046,-1,25.0,游 Fear
2024-07-24,24413.5,24504.25,24307.25,24444.94921875,366600.0,23498.266953125,,23694.999691165995,22804.986438937245,0,0,0,489.5810156250009,489.04078404017906,55.55654302082337,1.7046,-1,25.0,游 Fear
2024-07-25,24406.099609375,24426.150390625,24210.80078125,24230.94921875,391800.0,23544.3079296875,,23722.885962468306,22820.917913269957,0,0,0,488.2699999999968,489.2222126116072,54.581089642065244,1.7046,-1,25.0,游 Fear
2024-07-26,24834.849609375,24861.150390625,24410.900390625,24423.349609375,383800.0,23596.6479296875,,23766.49237999406,22840.95703462424,0,0,0,488.12199218750175,489.37071149553594,66.57371487068255,1.7046,-1,25.0,游 Fear
2024-07-29,24836.099609375,24999.75,24774.599609375,24943.30078125,355000.0,23649.35890625,,23808.437761538407,22860.809199547133,0,0,0,496.69699218749884,490.100711495536,66.74350363907851,1.7046,-1,25.0,游 Fear
2024-07-30,24857.30078125,24971.75,24798.650390625,24839.400390625,385000.0,23698.4279296875,,23849.569644664352,22880.674787424774,0,0,0,496.7219921875003,490.8372098214287,64.64336388698565,1.7046,-1,25.0,游 Fear
2024-07-31,24951.150390625,24984.599609375,24856.5,24886.69921875,333600.0,23748.1289453125,,23892.768889603987,22901.2765347203,0,0,0,497.1460156250032,491.44306919642884,71.86368474200701,1.7046,0,50.0,游릭 Greed
2024-08-01,25010.900390625,25078.30078125,24956.400390625,25030.94921875,431300.0,23797.7659375,,23936.617183761675,22922.267816868603,0,0,0,499.0230078125023,492.33835658482195,73.40768039534814,1.7046,0,50.0,游릭 Greed
2024-08-02,24717.69921875,24851.900390625,24686.849609375,24789.0,345000.0,23840.16390625,,23967.24785180043,22940.13280594205,0,0,0,500.21800781250204,493.33114397321486,56.77208424406283,1.7046,-1,25.0,游 Fear
2024-08-05,24055.599609375,24350.05078125,23893.69921875,24302.849609375,487000.0,23861.922890625,,23970.71262660728,22951.231978115513,0,0,0,494.3539843750041,493.63907087053667,37.757050918976454,1.7046,-1,25.0,游 Fear
2024-08-06,23992.55078125,24382.599609375,23960.400390625,24189.849609375,312300.0,23882.6319140625,,23971.569024828565,22961.59335924123,0,0,0,481.1119921874997,492.880357142858,35.93564051343081,1.7046,-1,25.0,游 Fear
2024-08-07,24297.5,24337.69921875,24184.900390625,24289.400390625,317600.0,23909.9329296875,,23984.350631698035,22974.885962631863,0,0,0,479.8510156249977,491.99400111607196,39.16525617191304,1.7046,-1,25.0,游 Fear
2024-08-08,24117.0,24340.5,24079.69921875,24248.55078125,311900.0,23934.509921875,,23989.552567709878,22986.250281411645,0,0,0,485.9499999999971,491.27493024553615,40.733851566373794,1.7046,-1,25.0,游 Fear
2024-08-09,24367.5,24419.75,24311.19921875,24386.849609375,215100.0,23967.7659375,,24004.374035642824,22999.994059706056,0,0,0,482.3400000000038,490.6836439732147,47.12153518123667,1.7046,-1,25.0,游 Fear
2024-08-12,24347.0,24472.80078125,24212.099609375,24320.05078125,279900.0,24004.9329296875,,24017.810347970557,23013.397103888088,0,0,0,487.34999999999854,490.4811439732148,47.307888948527754,1.7046,-1,25.0,游 Fear
2024-08-13,24139.0,24359.94921875,24116.5,24342.349609375,239700.0,24037.0989453125,,24022.56288334426,23024.597132705123,0,0,0,486.9400000000023,490.2925000000006,44.71098265895953,1.7046,-1,25.0,游 Fear
2024-08-14,24143.75,24196.5,24099.69921875,24184.400390625,303300.0,24054.6959375,,24027.315319291545,23035.732982130943,0,0,0,482.77999999999884,489.9003571428579,44.939926149886645,1.7046,-1,25.0,游 Fear
2024-08-16,24541.150390625,24563.900390625,24204.5,24334.849609375,271600.0,24107.8289453125,,24047.4657142458,23050.712259827404,0,0,0,482.875,489.52557198660776,44.26592700605232,1.7046,-1,25.0,游 Fear
2024-08-19,24572.650390625,24638.80078125,24522.94921875,24636.349609375,243600.0,24146.8749609375,,24068.06119175087,23065.855922820418,0,0,0,490.82300781249796,489.1060016741077,44.91656114327063,1.7046,-1,25.0,游 Fear
2024-08-20,24698.849609375,24734.30078125,24607.19921875,24648.900390625,238300.0,24184.4239453125,,24092.79799244201,23082.10461621897,0,0,0,491.4530078125026,488.7296456473222,47.06163585248309,1.7046,-1,25.0,游 Fear
2024-08-21,24770.19921875,24787.94921875,24654.5,24680.55078125,257100.0,24214.024921875,,24119.362746414874,23098.901577438188,0,0,0,493.9769921874977,488.50328683035747,46.61615139679128,1.7046,-1,25.0,游 Fear
2024-08-22,24811.5,24867.349609375,24784.44921875,24863.400390625,220300.0,24245.0709375,,24146.50538381037,23115.94235776219,0,0,0,495.4039843749997,488.24478515625015,46.245236345662015,1.7046,-1,25.0,游 Fear
2024-08-23,24823.150390625,24858.400390625,24771.650390625,24845.400390625,206800.0,24276.236953125,,24173.040482116827,23132.92950236779,0,0,0,496.2300000000032,487.9599274553574,52.22119554798213,1.7046,-1,25.0,游 Fear
2024-08-26,25010.599609375,25043.80078125,24874.69921875,24906.099609375,210300.0,24309.9899609375,,24205.885938087733,23151.61278701463,0,0,0,496.4630078124974,488.1105719866069,75.14352005166927,1.7046,0,50.0,游릭 Greed
2024-08-27,25017.75,25073.099609375,24973.650390625,25024.80078125,223300.0,24342.366953125,,24237.723744437237,23170.181316497074,0,0,0,500.21199218749825,489.4748577008925,77.8103204558989,1.7046,0,50.0,游릭 Greed
2024-08-28,25052.349609375,25129.599609375,24964.650390625,25030.80078125,220400.0,24374.101953125,,24269.669856787736,23188.90935921228,0,0,0,500.3550000000032,490.9394280133929,73.99624238947273,1.7046,0,50.0,游릭 Greed
2024-08-29,25151.94921875,25192.900390625,24998.5,25035.30078125,354000.0,24405.9829296875,,24304.269047452923,23208.442094133054,0,0,0,501.0469921874974,492.01778459821435,84.68446532037838,1.7046,0,50.0,游릭 Greed
2024-08-30,25235.900390625,25268.349609375,25199.400390625,25249.69921875,638200.0,24440.3809375,,24340.80360993026,23228.615808526007,0,0,0,503.03898437500175,493.49628348214276,82.75992661415698,1.7046,0,50.0,游릭 Greed
2024-09-02,25278.69921875,25333.650390625,25235.5,25333.599609375,222800.0,24474.614921875,,24377.583829883974,23249.014648428736,0,0,0,504.71800781250204,494.73685546875015,84.56628919077943,1.7046,0,50.0,游릭 Greed
2024-09-03,25279.849609375,25321.69921875,25235.80078125,25313.400390625,212100.0,24510.189921875,,24412.966801628718,23269.221961472977,0,0,0,505.57398437499796,496.0678543526784,100.0,1.7046,0,50.0,游릭 Greed
2024-09-04,25198.69921875,25216.0,25083.80078125,25089.94921875,253800.0,24543.4069140625,,24443.77983759426,23288.42074015235,0,0,0,505.5969921875003,497.69763950892855,93.33330124255494,1.7046,0,50.0,游릭 Greed
2024-09-05,25145.099609375,25275.44921875,25127.75,25250.5,222200.0,24571.882890625,,24471.282573742523,23306.89515676153,0,0,0,503.9739843749994,499.2047098214285,84.57265779081676,1.7046,0,50.0,游릭 Greed
2024-09-06,24852.150390625,25168.75,24801.30078125,25093.69921875,311700.0,24591.5498828125,,24486.21856656144,23322.27083073032,0,0,0,502.9019921875006,500.06749441964297,62.31387720542174,1.7046,-1,25.0,游 Fear
2024-09-09,24936.400390625,24957.5,24753.150390625,24823.400390625,254400.0,24609.387890625,,24503.872755740405,23338.33182137604,0,0,0,497.0430078124991,500.4667801339284,60.867420790221416,1.7046,-1,25.0,游 Fear
2024-09-10,25041.099609375,25130.5,24896.80078125,24999.400390625,251300.0,24629.997890625,,24524.94047549078,23355.274784440706,0,0,0,498.7280078125041,500.80613839285746,62.02613302350584,1.7046,-1,25.0,游 Fear
2024-09-11,24918.44921875,25113.69921875,24885.150390625,25034.0,279200.0,24645.527890625,,24540.372190912713,23370.828758911448,0,0,0,500.82199218749884,501.1931389508931,54.42799474702255,1.7046,-1,25.0,游 Fear
2024-09-12,25388.900390625,25433.349609375,24941.44921875,25059.650390625,380100.0,24670.82890625,,24573.6478065877,23390.909073654868,0,0,0,498.3689843750035,501.3459235491074,66.97471466980457,1.7046,-1,25.0,游 Fear
2024-09-13,25356.5,25430.5,25292.44921875,25430.44921875,250800.0,24692.22890625,,24604.347892603873,23410.46719232497,0,0,0,507.7780078124997,502.1541378348219,61.443042914722355,1.7046,-1,25.0,游 Fear
2024-09-16,25383.75,25445.69921875,25336.19921875,25406.650390625,168700.0,24713.8608984375,,24634.91268112921,23430.10184712771,0,0,0,507.1299999999974,502.64828125000037,61.94906953966699,1.7046,-1,25.0,游 Fear
2024-09-17,25418.55078125,25441.650390625,25352.25,25416.900390625,216000.0,24735.754921875,,24665.6435870163,23449.887408661267,0,0,0,507.6750000000029,503.1711383928575,61.95406710522793,1.7046,-1,25.0,游 Fear
2024-09-18,25377.55078125,25482.19921875,25285.55078125,25402.400390625,215700.0,24756.894921875,,24693.561516201935,23469.068138736777,0,0,0,508.37101562500175,503.6942829241078,57.65736620756588,1.7046,-1,25.0,游 Fear
2024-09-19,25415.80078125,25611.94921875,25376.05078125,25487.05078125,314500.0,24776.546953125,,24721.884624635193,23488.438612791637,0,0,0,507.55101562500204,504.0165708705364,56.301679325806724,1.7046,-1,25.0,游 Fear
2024-09-20,25790.94921875,25849.25,25426.599609375,25525.94921875,533100.0,24805.876953125,,24763.808726365187,23511.349166084758,0,0,0,508.31601562500146,504.2735714285721,64.55462423639722,1.7046,-1,25.0,游 Fear
2024-09-23,25939.05078125,25956.0,25847.349609375,25872.55078125,209200.0,24838.338984375,,24809.89665008616,23535.505401061528,0,0,0,515.8189843750006,505.005357142858,67.28643118278359,1.7046,-1,25.0,游 Fear
2024-09-24,25940.400390625,26011.55078125,25886.849609375,25921.44921875,384100.0,24867.103984375,,24854.230130107295,23559.43470444027,0,0,0,518.781015624998,505.9470731026792,70.29944204076875,1.7046,0,50.0,游릭 Greed
2024-09-25,26004.150390625,26032.80078125,25871.349609375,25899.44921875,278500.0,24895.4530078125,,24899.32504228446,23583.76023365604,0,0,0,518.8080078124985,507.00664620535775,73.38124754138448,1.7046,0,50.0,游릭 Greed
2024-09-26,26216.05078125,26250.900390625,25998.400390625,26005.400390625,370900.0,24927.5140234375,,24950.961345773307,23609.952179403248,0,0,0,520.0830078125,508.2338616071434,88.835389339909,1.7046,0,50.0,游릭 Greed
2024-09-27,26178.94921875,26277.349609375,26151.400390625,26248.25,490300.0,24955.076015625,,24999.117732948864,23635.51433899874,0,0,0,524.3210156249988,510.1822907366077,86.35621241855091,1.7046,0,50.0,游릭 Greed
2024-09-30,25810.849609375,26134.69921875,25794.099609375,26061.30078125,343100.0,24980.675,,25030.95035555381,23657.15946606716,0,0,0,523.5789843750026,511.9573604910719,69.51447522960129,1.7046,-1,25.0,游 Fear
2024-10-01,25796.900390625,25907.599609375,25739.19921875,25788.44921875,247400.0,25006.4280078125,,25060.98761183111,23678.450420540375,0,0,0,516.2169921875029,513.0570033482151,73.56925982482636,1.7046,0,50.0,游릭 Greed
2024-10-03,25250.099609375,25639.44921875,25230.30078125,25452.849609375,423400.0,25021.848984375,,25068.40376859754,23694.088720926793,0,0,0,515.9380078125032,514.3119335937507,46.422480190892344,1.7046,-1,25.0,游 Fear
2024-10-04,25014.599609375,25485.05078125,24966.80078125,25181.900390625,374900.0,25033.8709765625,,25066.293801569205,23707.228132752152,0,0,0,505.0019921874991,514.1136467633935,42.02286329869115,1.7046,-1,25.0,游 Fear
2024-10-07,24795.75,25143.0,24694.349609375,25084.099609375,374300.0,25041.663984375,,25055.684240723353,23718.059196107853,0,0,0,500.2919921875,513.6252176339294,37.406844717212856,1.7046,-1,25.0,游 Fear
2024-10-08,25013.150390625,25044.0,24756.80078125,24832.19921875,333200.0,25045.23,,25054.01624660185,23730.945675655286,0,0,0,495.9150000000009,512.7852176339293,41.947397864847105,1.7046,-1,25.0,游 Fear
2024-10-09,24981.94921875,25234.05078125,24947.69921875,25065.80078125,290600.0,25048.1469921875,,25051.190088646872,23743.39347210399,0,0,0,500.2630078125003,512.2060742187506,42.11132661883953,1.7046,-1,25.0,游 Fear
2024-10-10,24998.44921875,25134.05078125,24979.400390625,25067.05078125,261400.0,25050.9699609375,,25049.121819239153,23755.88158898604,0,0,0,499.6389843750003,511.6409291294648,41.60478810422943,1.7046,-1,25.0,游 Fear
2024-10-11,24964.25,25028.650390625,24920.05078125,24985.30078125,210500.0,25051.231953125,,25045.793512602322,23767.905155264787,0,0,0,499.96898437500204,511.0447126116077,30.726954488164893,1.7046,-1,25.0,游 Fear
2024-10-14,25127.94921875,25159.75,25017.5,25023.44921875,206400.0,25053.5729296875,,25049.015305000274,23781.437932015884,0,0,0,499.2850000000035,509.8637137276793,31.227115003155305,1.7046,-1,25.0,游 Fear
2024-10-15,25057.349609375,25212.05078125,25008.150390625,25186.30078125,257200.0,25060.3659375,,25049.34214046595,23794.133570596572,0,0,0,502.55898437499854,508.7049972098222,30.19666587825111,1.7046,-1,25.0,游 Fear
2024-10-16,24971.30078125,25093.400390625,24908.44921875,25008.55078125,226800.0,25078.6799609375,,25046.281695006503,23805.846677170237,0,0,0,501.1469921875032,507.4434960937511,27.066638796059152,1.7046,-2,0.0,游댯 Extreme Fear
2024-10-17,24749.849609375,25029.5,24728.900390625,25027.400390625,252800.0,25093.8259375,,25034.65690733468,23815.239741172278,0,0,0,499.42601562500204,505.96799665178696,17.582008521061255,1.7046,-2,0.0,游댯 Extreme Fear
2024-10-18,24854.05078125,24886.19921875,24567.650390625,24664.94921875,290900.0,25104.956953125,,25027.57431415489,23825.57616943176,0,0,0,494.99699218750175,503.8734235491086,21.550387856989474,1.7046,-2,0.0,游댯 Extreme Fear
2024-10-21,24781.099609375,24978.30078125,24679.599609375,24956.150390625,242000.0,25118.2389453125,,25017.908639457637,23835.083865351593,0,0,0,497.0810156250009,501.98071149553704,24.678505699872048,1.7046,-2,0.0,游댯 Extreme Fear
2024-10-22,24472.099609375,24882.0,24445.80078125,24798.650390625,279500.0,25120.3309375,,24996.504363768123,23841.422330466256,0,0,0,495.62199218750175,500.5096400669655,21.551291708538074,1.7046,0,50.0,游릭 Greed
2024-10-23,24435.5,24604.25,24378.099609375,24378.150390625,284600.0,25122.1009375,,24974.50419263996,23847.333551058633,0,0,0,489.44199218750146,498.61706752232254,27.59874919300175,1.7046,0,50.0,游릭 Greed
2024-10-24,24399.400390625,24480.650390625,24341.19921875,24412.69921875,216700.0,25127.3089453125,,24951.951102364867,23852.82675344238,0,0,0,488.7099999999991,497.453353794644,30.998303624644976,1.7046,1,75.0,游댮 Extreme Greed
2024-10-25,24180.80078125,24440.25,24073.900390625,24418.05078125,372600.0,25128.0499609375,,24921.70991330154,23856.090176604645,0,0,0,487.98800781249884,496.5744977678582,31.003091596697473,1.7046,1,75.0,游댮 Extreme Greed
2024-10-28,24339.150390625,24492.599609375,24134.900390625,24251.099609375,278600.0,25124.0099609375,,24898.86444182403,23860.896745898383,0,0,0,483.6160156249971,495.69599888392935,28.390509778775254,1.7046,0,50.0,游릭 Greed
2024-10-29,24466.849609375,24484.5,24140.849609375,24328.849609375,332000.0,25121.8939453125,,24881.922683688776,23866.92612762452,0,0,0,486.7830078124971,494.73314174107196,34.44745721931757,1.7046,1,75.0,游댮 Extreme Greed
2024-10-30,24340.849609375,24498.19921875,24307.30078125,24371.44921875,285200.0,25114.7339453125,,24860.7041317549,23871.64178415935,0,0,0,489.33699218749825,493.99728515625037,31.376371088629156,1.7046,1,75.0,游댮 Extreme Greed
2024-10-31,24205.349609375,24372.44921875,24172.599609375,24349.849609375,287000.0,25103.436953125,,24835.003954406668,23874.96226003214,0,0,0,486.81699218750146,493.0578571428575,29.673750079776013,1.7046,0,50.0,游릭 Greed
2024-11-01,24304.349609375,24368.25,24280.19921875,24302.75,38800.0,25093.2939453125,,24814.193980091703,23879.234770970877,0,0,0,484.1069921875023,491.97371372767884,27.14888774487224,1.7046,0,50.0,游릭 Greed
2024-11-04,23995.349609375,24316.75,23816.150390625,24315.75,285500.0,25076.7379296875,,24782.082436142027,23880.390142497286,0,0,0,486.08699218749825,490.7971428571431,23.97696642979662,1.7046,0,50.0,游릭 Greed
2024-11-05,24213.30078125,24229.05078125,23842.75,23916.5,289500.0,25060.791953125,,24759.777273205083,23883.70268616647,0,0,0,479.90699218749796,489.27999999999986,32.55387630701179,1.7046,1,75.0,游댮 Extreme Greed
2024-11-06,24484.05078125,24537.599609375,24204.05078125,24308.75,351100.0,25050.11796875,,24748.964469599003,23889.676299052873,0,0,0,484.26601562499854,488.19714285714247,44.018123780781025,1.7046,1,75.0,游댮 Extreme Greed
2024-11-07,24199.349609375,24503.349609375,24179.05078125,24489.599609375,322200.0,25033.05796875,,24727.41094566865,23892.75762552374,0,0,0,489.6810156249994,487.81743024553515,36.372890423577985,1.7046,1,75.0,游댮 Extreme Greed
2024-11-08,24148.19921875,24276.150390625,24066.650390625,24207.69921875,298700.0,25012.98296875,,24704.69676029929,23895.29933291903,0,0,0,483.9869921874997,486.88214285714224,36.70600977218742,1.7046,1,75.0,游댮 Extreme Greed
2024-11-11,24141.30078125,24336.80078125,24004.599609375,24087.25,273400.0,24991.0909765625,,24682.60280033657,23897.747108524312,0,0,0,482.9639843749974,485.97799944196333,42.04159614468339,1.7046,1,75.0,游댮 Extreme Greed
2024-11-12,23883.44921875,24242.0,23839.150390625,24225.80078125,255800.0,24963.1859765625,,24651.26344419592,23897.60484096437,0,0,0,482.8260156250035,485.5054296874992,37.99655163627407,1.7046,1,75.0,游댮 Extreme Greed
2024-11-13,23559.05078125,23873.599609375,23509.599609375,23822.44921875,304600.0,24928.77,,24608.431575060786,23894.236143852784,0,0,0,477.6689843749991,484.7167857142849,33.76355398840283,1.7046,1,75.0,游댮 Extreme Greed
2024-11-14,23532.69921875,23675.900390625,23484.150390625,23542.150390625,257700.0,24895.45,,24566.245992460365,23890.638761513455,0,0,0,471.1810156249994,483.51628627232066,36.473093592749734,1.7046,1,75.0,游댮 Extreme Greed
2024-11-18,23453.80078125,23606.80078125,23350.400390625,23605.30078125,263300.0,24861.6240234375,,24522.620690059957,23886.29211494367,0,0,0,470.6539843749997,482.59042689732087,30.887475766716236,1.7046,1,75.0,游댮 Extreme Greed
2024-11-19,23518.5,23780.650390625,23464.80078125,23529.55078125,297500.0,24834.951015625,,24483.243408096823,23882.632491909408,0,0,0,469.0760156250035,481.3256417410713,28.955030846566387,1.7046,0,50.0,游릭 Greed
2024-11-21,23349.900390625,23507.30078125,23263.150390625,23488.44921875,420300.0,24803.221015625,,24438.798583882242,23877.331674981207,0,0,0,470.3700000000026,479.97085658482166,28.417745426331265,1.7046,0,50.0,游릭 Greed
2024-11-22,23907.25,23956.099609375,23359.0,23411.80078125,367600.0,24780.5440234375,,24417.953541377057,23877.629369757517,0,0,0,466.9980078125009,478.55521484375015,44.51538761731796,1.7046,1,75.0,游댮 Extreme Greed
2024-11-25,24221.900390625,24351.55078125,24135.44921875,24253.55078125,687200.0,24766.613046875,,24410.265182524035,23881.054952054707,0,0,0,478.1449999999968,478.12935825892833,48.59457566266087,1.7046,1,75.0,游댮 Extreme Greed
2024-11-26,24194.5,24343.30078125,24125.400390625,24343.30078125,230700.0,24742.7250390625,,24401.80380281721,23884.173808253166,0,0,0,484.4380078125032,478.0115736607144,53.75521583329957,1.7046,1,75.0,游댮 Extreme Greed
2024-11-27,24274.900390625,24354.55078125,24145.650390625,24204.80078125,295000.0,24721.093046875,,24396.827198417515,23888.061634943435,0,0,0,483.8899999999994,478.2960742187502,51.225082911299474,1.7046,1,75.0,游댮 Extreme Greed
2024-11-28,23914.150390625,24345.75,23873.349609375,24274.150390625,366700.0,24691.7010546875,,24377.898696151144,23888.321224552208,0,0,0,485.4980078125009,478.3840736607147,39.057630733991395,1.7046,1,75.0,游댮 Extreme Greed
2024-11-29,24131.099609375,24188.44921875,23927.150390625,23927.150390625,282100.0,24665.95203125,,24368.220300591296,23890.73692987383,0,0,0,478.2830078124971,477.56993024553594,48.65456141566752,1.7046,1,75.0,游댮 Extreme Greed
2024-12-02,24276.05078125,24301.69921875,24008.650390625,24140.849609375,220400.0,24643.92203125,,24364.605809636738,23894.570898544243,0,0,0,482.62199218750175,477.4724302455361,52.43050089259457,1.7046,1,75.0,游댮 Extreme Greed
2024-12-03,24457.150390625,24481.349609375,24280.0,24367.5,339500.0,24624.7490234375,,24368.23500889118,23900.168704435593,0,0,0,485.5210156250032,477.65507533482224,55.63142356286655,1.7046,1,75.0,游댮 Extreme Greed
2024-12-04,24467.44921875,24573.19921875,24366.30078125,24488.75,348000.0,24598.2790234375,,24372.125762218977,23905.813286667577,0,0,0,489.1430078124977,478.10628906250037,61.4205396156079,1.7046,1,75.0,游댮 Extreme Greed
2024-12-05,24708.400390625,24857.75,24295.55078125,24539.150390625,361500.0,24573.666015625,,24385.313002548624,23913.799228000487,0,0,0,489.3489843749994,478.9405747767861,73.23467747985359,1.7046,2,100.0,游댮 Extreme Greed
2024-12-06,24677.80078125,24751.05078125,24620.5,24729.44921875,226700.0,24548.4140234375,,24396.783111517307,23921.40123350546,0,0,0,494.1680078124991,480.5825027901789,73.10911054527682,1.7046,2,100.0,游댮 Extreme Greed
2024-12-09,24619.0,24705.0,24580.05078125,24633.900390625,248100.0,24520.711015625,,24405.497499300942,23928.342514764114,0,0,0,493.5560156249994,482.2183621651789,73.70700343336725,1.7046,2,100.0,游댮 Extreme Greed
2024-12-10,24610.05078125,24677.80078125,24510.650390625,24652.650390625,261000.0,24488.591015625,,24413.519196632278,23935.125681594818,0,0,0,492.3799999999974,483.8829324776785,72.72407164047048,1.7046,2,100.0,游댮 Extreme Greed
2024-12-11,24641.80078125,24691.75,24583.849609375,24620.5,187300.0,24457.848046875,,24422.471415636897,23942.157274626214,0,0,0,492.2010156250035,485.4422907366071,78.52002666370021,1.7046,2,100.0,游댮 Extreme Greed
2024-12-12,24548.69921875,24675.25,24527.94921875,24604.44921875,266100.0,24432.6050390625,,24427.421525562902,23948.192517851327,0,0,0,492.83601562499825,487.28786272321406,67.8115787030308,1.7046,1,75.0,游댮 Extreme Greed
2024-12-13,24768.30078125,24792.30078125,24180.80078125,24498.349609375,310100.0,24412.033046875,,24440.789339511415,23956.352799079177,0,0,0,490.9739843749994,488.20421875,66.017802074733,1.7046,1,75.0,游댮 Extreme Greed
2024-12-16,24668.25,24781.25,24601.75,24753.400390625,187600.0,24400.3960546875,,24449.709365412928,23963.436353317196,0,0,0,495.3660156249971,488.98479073660667,63.320651183020566,1.7046,1,75.0,游댮 Extreme Greed
2024-12-17,24336.0,24624.099609375,24303.44921875,24584.80078125,264900.0,24386.8240625,,24445.25017461242,23967.143454279216,0,0,0,493.36499999999796,489.6615764508923,51.50483975089786,1.7046,1,75.0,游댮 Extreme Greed
2024-12-18,24198.849609375,24394.44921875,24149.849609375,24297.94921875,235300.0,24374.8860546875,,24435.58740734821,23969.448988160766,0,0,0,486.72000000000116,489.7488616071423,57.87983955542581,1.7046,1,75.0,游댮 Extreme Greed
2024-12-19,23951.69921875,24004.900390625,23870.30078125,23877.150390625,271100.0,24353.65703125,,24416.611399952202,23969.272373539763,0,0,0,483.9769921874977,490.1555747767852,45.1162439533259,1.7046,1,75.0,游댮 Extreme Greed
2024-12-20,23587.5,24065.80078125,23537.349609375,23960.69921875,442700.0,24325.768046875,,24384.09722740506,23965.473643454792,0,0,0,479.0339843749971,489.89928850446347,33.254706226582854,1.7046,-1,25.0,游 Fear
2024-12-23,23753.44921875,23869.55078125,23647.19921875,23738.19921875,189800.0,24300.868046875,,24359.365932947996,23963.363947686586,0,0,0,471.75,488.9156445312489,32.759206462683665,1.7046,1,75.0,游댮 Extreme Greed
2024-12-24,23727.650390625,23867.650390625,23685.150390625,23769.099609375,177700.0,24276.1360546875,,24334.592774425528,23961.018539158613,0,0,0,475.0689843750006,487.9103571428563,32.011432077634794,1.7046,1,75.0,游댮 Extreme Greed
2024-12-26,23750.19921875,23854.5,23653.599609375,23775.80078125,177700.0,24248.5810546875,,24311.67538008531,23958.920834477933,0,0,0,474.55300781250116,486.85350167410644,23.93217889384222,1.7046,0,50.0,游릭 Greed
2024-12-27,23813.400390625,23938.849609375,23800.599609375,23801.400390625,176800.0,24223.7020703125,,24292.1351844202,23957.472869862482,0,0,0,475.00398437499825,485.4846428571421,26.893892327113903,1.7046,0,50.0,游릭 Greed
2024-12-30,23644.900390625,23915.349609375,23599.30078125,23796.900390625,364900.0,24197.1740625,,24266.75342780078,23954.362695939722,0,0,0,476.2680078124977,484.24978515624906,25.40402401507896,1.7046,0,50.0,游릭 Greed
2024-12-31,23644.80078125,23689.849609375,23460.44921875,23560.599609375,193600.0,24175.0730859375,,24242.363127936045,23951.282477883113,0,0,0,472.8980078125023,482.8582142857137,25.518065413560663,1.7046,0,50.0,游릭 Greed
2025-01-01,23742.900390625,23822.80078125,23562.80078125,23637.650390625,154900.0,24152.850078125,,24222.776353923848,23949.209024278556,0,0,0,472.8960156250032,481.47928571428514,27.943272472138958,1.7046,0,50.0,游릭 Greed
2025-01-02,24188.650390625,24226.69921875,23751.55078125,23783.0,283200.0,24141.00109375,,24221.438080853306,23951.591525436233,0,0,0,474.85800781250146,480.1951422991068,42.46869941717142,1.7046,1,75.0,游댮 Extreme Greed
2025-01-03,24004.75,24196.44921875,23976.0,24196.400390625,312300.0,24131.6541015625,,24212.940509055137,23952.120465481647,0,0,0,483.7730078125023,479.680786830357,33.78631032366164,1.7046,1,75.0,游댮 Extreme Greed
2025-01-06,23616.05078125,24089.94921875,23551.900390625,24045.80078125,278100.0,24115.2651171875,,24189.533068749053,23948.77648852412,0,0,0,480.09500000000116,478.59000000000015,30.09683988390445,1.7046,1,75.0,游댮 Extreme Greed
2025-01-07,23707.900390625,23795.19921875,23637.80078125,23679.900390625,262300.0,24101.4351171875,,24170.645512744188,23946.379711430596,0,0,0,472.32101562499884,477.08685825892877,36.93036480224468,1.7046,1,75.0,游댮 Extreme Greed
2025-01-08,23688.94921875,23751.849609375,23496.150390625,23746.650390625,266400.0,24091.5980859375,,24151.755461999317,23943.818213990988,0,0,0,474.1580078124971,476.1895731026785,38.84096378332401,1.7046,1,75.0,游댮 Extreme Greed
2025-01-09,23526.5,23689.5,23503.05078125,23674.75,269200.0,24075.345078125,,24127.23563996013,23939.665793951277,0,0,0,473.7789843749997,475.46114397321435,40.336364233601266,1.7046,1,75.0,游댮 Extreme Greed
2025-01-10,23431.5,23596.599609375,23344.349609375,23551.900390625,261000.0,24054.6380859375,,24099.951889373457,23934.60941789206,0,0,0,470.52999999999884,474.8537165178573,45.96021720306545,1.7046,1,75.0,游댮 Extreme Greed
2025-01-13,23085.94921875,23340.94921875,23047.25,23195.400390625,316500.0,24029.540078125,,24060.187078760773,23926.165037801096,0,0,0,468.6299999999974,474.630859375,34.18545076277806,1.7046,1,75.0,游댮 Extreme Greed
2025-01-14,23176.05078125,23264.94921875,23134.150390625,23165.900390625,311200.0,24008.9541015625,,24025.515067093686,23918.70121435283,0,0,0,461.71898437500204,473.6772879464287,37.3178067748173,1.7046,1,75.0,游댮 Extreme Greed
2025-01-15,23213.19921875,23293.650390625,23146.44921875,23250.44921875,228000.0,23987.13109375,,23993.659543629226,23911.681293998572,0,0,0,463.5210156250032,472.88928850446456,37.73581034184359,1.7046,1,75.0,游댮 Extreme Greed
2025-01-16,23311.80078125,23391.650390625,23272.05078125,23377.25,299400.0,23973.4601171875,,23966.91998432024,23905.71233367272,0,0,0,464.2639843750003,472.1221456473218,38.726584592207345,1.7046,1,75.0,游댮 Extreme Greed
2025-01-17,23203.19921875,23292.099609375,23100.349609375,23277.099609375,272900.0,23953.2580859375,,23936.97015037631,23898.722153424736,0,0,0,466.2360156249997,471.40557477678624,39.798119596275285,1.7046,1,75.0,游댮 Extreme Greed
2025-01-20,23344.75,23391.099609375,23170.650390625,23290.400390625,301500.0,23930.4720703125,,23913.745830753713,23893.209992694145,0,0,0,464.0639843750032,470.7745731026792,43.49484502905653,1.7046,1,75.0,游댮 Extreme Greed
2025-01-21,23024.650390625,23426.30078125,22976.849609375,23421.650390625,312900.0,23906.9780859375,,23878.87934290553,23884.567608593952,0,0,0,466.8949999999968,470.3459291294644,35.79553267524987,1.7046,1,75.0,游댮 Extreme Greed
2025-01-22,23155.349609375,23169.55078125,22981.30078125,23099.150390625,276000.0,23887.12109375,,23850.505627865117,23877.311708104215,0,0,0,460.4930078125035,469.3198577008931,26.655988562956693,1.7046,0,50.0,游릭 Greed
2025-01-23,23205.349609375,23270.80078125,23090.650390625,23128.30078125,275600.0,23868.4020703125,,23825.2053918459,23870.62551806711,0,0,0,463.1069921875023,467.84371372767885,30.777200515121606,1.7046,1,75.0,游댮 Extreme Greed
2025-01-24,23092.19921875,23347.30078125,23050.0,23183.900390625,264300.0,23852.5770703125,,23796.46005172449,23862.879982750525,0,0,0,464.1069921875023,466.70171316964326,35.47885161371359,1.7046,1,75.0,游댮 Extreme Greed
2025-01-27,22829.150390625,23007.44921875,22786.900390625,22940.150390625,257400.0,23837.9790625,,23758.526339524513,23852.594116162214,0,0,0,461.84398437500204,465.9533537946435,27.752636534094947,1.7046,0,50.0,游릭 Greed
2025-01-28,22957.25,23137.94921875,22857.650390625,22960.44921875,361900.0,23826.470078125,,23727.103737974532,23843.685219483985,0,0,0,456.5830078125,464.6979966517865,32.44569190111147,1.7046,1,75.0,游댮 Extreme Greed
2025-01-29,23163.099609375,23183.349609375,22976.5,23026.75,226300.0,23820.6560546875,,23704.985929009847,23836.9132233635,0,0,0,459.1449999999968,463.65271205357203,41.45945811962203,1.7046,1,75.0,游댮 Extreme Greed
2025-01-30,23249.5,23322.05078125,23139.19921875,23169.5,361900.0,23815.2760546875,,23687.123735715344,23831.06831566834,0,0,0,463.26199218750116,463.1335686383936,45.705323547901244,1.7046,1,75.0,游댮 Extreme Greed
2025-01-31,23508.400390625,23546.80078125,23277.400390625,23296.75,304900.0,23818.4460546875,23997.7034765625,23680.11497708435,23827.857689548506,0,0,0,464.98999999999796,462.8735686383937,60.39367119872601,1.7046,1,75.0,游댮 Extreme Greed
2025-02-03,23361.05078125,23381.599609375,23222.0,23319.349609375,329700.0,23807.5220703125,24003.14623046875,23667.602655679082,23823.212844689817,0,0,0,470.1680078124991,463.4770703125006,54.42689638669538,1.7046,1,75.0,游댮 Extreme Greed
2025-02-04,23739.25,23762.75,23423.150390625,23509.900390625,376700.0,23797.8690625,24011.102978515624,23670.412355456374,23822.377393498875,0,0,0,467.2210156250003,463.7413560267861,60.821637328216184,1.7046,1,75.0,游댮 Extreme Greed
2025-02-05,23696.30078125,23807.30078125,23680.44921875,23801.75,267000.0,23787.905078125,24019.605234375,23671.42758784044,23821.122899844657,0,0,0,474.7850000000035,464.49285714285776,58.09508301341833,1.7046,1,75.0,游댮 Extreme Greed
2025-02-06,23603.349609375,23773.55078125,23556.25,23761.94921875,307000.0,23774.4740625,24026.886982421875,23668.75786319474,23818.956001432023,0,0,0,473.92601562500204,465.04214285714363,58.4804645945353,1.7046,1,75.0,游댮 Extreme Greed
2025-02-07,23559.94921875,23694.5,23443.19921875,23649.5,368100.0,23767.3900390625,24033.0047265625,23664.49085753024,23816.37881951479,0,0,0,472.06699218750146,465.6137862723221,54.758733400018315,1.7046,1,75.0,游댮 Extreme Greed
2025-02-10,23381.599609375,23568.599609375,23316.30078125,23543.80078125,234200.0,23752.4000390625,24038.072724609374,23653.39708309278,23812.052658219865,0,0,0,471.19898437499796,465.92121372767934,58.4212049329743,1.7046,1,75.0,游댮 Extreme Greed
2025-02-11,23071.80078125,23390.05078125,22986.650390625,23383.55078125,268000.0,23728.3150390625,24041.4197265625,23630.589384981296,23804.686967901758,0,0,0,467.6319921875038,466.43114118303646,48.18249412604467,1.7046,1,75.0,游댮 Extreme Greed
2025-02-12,23045.25,23144.69921875,22798.349609375,23050.80078125,279700.0,23700.07703125,24043.794228515624,23607.634899295757,23797.13038115647,0,0,0,461.4360156249968,466.3117857142861,46.481324245642384,1.7046,1,75.0,游댮 Extreme Greed
2025-02-13,23031.400390625,23235.5,22992.19921875,23055.75,265700.0,23671.3560546875,24046.851484375,23585.03746758318,23789.511177270582,0,0,0,460.90499999999884,466.08307198660725,48.60277371568203,1.7046,1,75.0,游댮 Extreme Greed
2025-02-14,22929.25,23133.69921875,22774.849609375,23096.44921875,254500.0,23635.773046875,24048.280732421874,23559.320311991683,23780.951364561424,0,0,0,460.62800781249825,465.996216517857,52.4841092812267,1.7046,1,75.0,游댮 Extreme Greed
2025-02-17,22959.5,22974.19921875,22725.44921875,22809.900390625,207400.0,23601.40703125,24050.053984375,23535.79794681554,23772.777719142905,0,0,0,458.5849999999991,466.13921595982123,50.05868700062559,1.7046,1,75.0,游댮 Extreme Greed
2025-02-18,22945.30078125,22992.5,22801.5,22963.650390625,210600.0,23567.933046875,24051.5394921875,23512.641195224736,23764.544117770838,0,0,0,459.1900000000023,466.1424302455359,43.68808392567863,1.7046,1,75.0,游댮 Extreme Greed
2025-02-19,22932.900390625,23049.94921875,22814.849609375,22847.25,207000.0,23534.3900390625,24053.82474609375,23489.90626171102,23756.26905580919,0,0,0,458.90601562499796,465.83128906249993,40.41361854127611,1.7046,1,75.0,游댮 Extreme Greed
2025-02-20,22913.150390625,22923.849609375,22812.75,22821.099609375,240800.0,23499.81703125,24056.177001953125,23467.288384413532,23747.879815359596,0,0,0,458.6580078124971,465.3790039062499,28.923957843489802,1.7046,0,50.0,游릭 Greed
2025-02-21,22795.900390625,22921.0,22720.30078125,22857.19921875,242800.0,23464.7610546875,24058.64400390625,23440.95944348065,23738.407383272686,0,0,0,458.2630078125003,464.5286467633928,29.553892050553344,1.7046,0,50.0,游릭 Greed
2025-02-24,22553.349609375,22668.05078125,22518.80078125,22609.349609375,214300.0,23420.46203125,24059.898251953124,23406.151214692192,23726.615763631915,0,0,0,455.9180078124991,463.7212890624999,2.4269889697989555,1.7046,0,50.0,游릭 Greed
2025-02-25,22547.55078125,22625.30078125,22513.900390625,22516.44921875,250300.0,23378.048046875,24062.848505859376,23372.480609459166,23714.88377375747,0,0,0,451.06699218750146,462.02714564732116,2.5015505478602478,1.7046,0,50.0,游릭 Greed
2025-02-27,22545.05078125,22613.30078125,22508.400390625,22568.94921875,289200.0,23342.2290625,24065.297763671875,23340.032380901943,23703.24364447879,0,0,0,450.9510156250035,460.38607421874985,2.703792606817103,1.7046,0,50.0,游릭 Greed
2025-02-28,22124.69921875,22450.349609375,22104.849609375,22433.400390625,551300.0,23300.7460546875,24065.401005859374,23292.372256895986,23687.536734770045,0,0,0,450.9010156250006,458.8742187499998,2.022396790907564,1.7046,0,50.0,游릭 Greed
2025-03-03,22119.30078125,22261.55078125,22004.69921875,22194.55078125,282400.0,23264.0980859375,24064.90826171875,23246.369453929477,23671.932396924076,0,0,0,442.4939843750035,456.82386160714304,2.2868178710800606,1.7046,0,50.0,游릭 Greed
2025-03-04,22082.650390625,22105.05078125,21964.599609375,21974.44921875,253300.0,23234.00109375,24064.318759765625,23200.73341223126,23656.11864561762,0,0,0,442.38601562500116,455.0205775669643,2.8819119461279,1.7046,0,50.0,游릭 Greed
2025-03-05,22337.30078125,22394.900390625,22067.80078125,22073.05078125,305900.0,23205.678125,24063.986015625,23166.873309055525,23642.996079803015,0,0,0,441.6530078124997,453.6075055803573,22.297037027978874,1.7046,0,50.0,游릭 Greed
2025-03-06,22544.69921875,22556.44921875,22245.849609375,22476.349609375,372100.0,23182.0191015625,24064.379013671874,23142.474325121973,23632.067752827363,0,0,0,446.74601562500175,452.5961495535718,33.46015226236385,1.7046,1,75.0,游댮 Extreme Greed
2025-03-07,22552.5,22633.80078125,22464.75,22508.650390625,289800.0,23158.0651171875,24064.496259765627,23119.338077077973,23621.32578513754,0,0,0,450.8939843749977,451.9008621651789,36.31939381388316,1.7046,1,75.0,游댮 Extreme Greed
2025-03-10,22460.30078125,22676.75,22429.05078125,22521.849609375,293900.0,23131.003125,24063.808759765627,23093.49347724158,23609.77329753667,0,0,0,451.0500000000029,451.36264787946493,32.65342411458418,1.7046,1,75.0,游댮 Extreme Greed
2025-03-11,22497.900390625,22522.099609375,22314.69921875,22345.94921875,347900.0,23108.063125,24061.460009765626,23070.136885609558,23598.7098855276,0,0,0,449.2060156250009,450.6495061383934,34.70215587881346,1.7046,1,75.0,游댮 Extreme Greed
2025-03-12,22470.5,22577.400390625,22329.55078125,22536.349609375,369700.0,23084.577109375,24059.02701171875,23046.62171362487,23587.483916517376,0,0,0,449.9580078125,450.010362723215,34.34980175230078,1.7046,1,75.0,游댮 Extreme Greed
2025-03-13,22397.19921875,22558.05078125,22377.349609375,22541.5,287500.0,23057.6630859375,24056.35076171875,23021.15416480625,23575.64028768387,0,0,0,449.4100000000035,449.34979073660827,33.14820839632813,1.7046,1,75.0,游댮 Extreme Greed
2025-03-17,22508.75,22577.0,22353.150390625,22353.150390625,251100.0,23024.065078125,24054.453759765624,23001.059883833455,23565.024463925824,0,0,0,447.9439843750006,448.6127176339297,40.58616145692599,1.7046,1,75.0,游댮 Extreme Greed
2025-03-18,22834.30078125,22857.80078125,22599.19921875,22662.25,272600.0,23000.65609375,24055.101767578126,22994.520311183125,23557.75358151114,0,0,0,450.1750000000029,448.20250279018,58.73522692631408,1.7046,1,75.0,游댮 Extreme Greed
2025-03-19,22907.599609375,22940.69921875,22807.94921875,22874.94921875,324000.0,22986.4870703125,24057.196513671875,22991.111656210258,23551.28438775854,0,0,0,456.6860156249968,448.603861607144,60.74355456661534,1.7046,1,75.0,游댮 Extreme Greed
2025-03-20,23190.650390625,23216.69921875,22973.94921875,23036.599609375,313700.0,22976.1420703125,24060.49626953125,22998.936704618678,23547.695989777116,0,0,0,458.1519921875006,449.11821707589377,66.50136035743704,1.7046,1,75.0,游댮 Extreme Greed
2025-03-21,23350.400390625,23402.69921875,23132.80078125,23168.25,541000.0,22969.37109375,24060.92876953125,23012.719594265986,23545.73284948705,0,0,0,463.8130078125032,450.0405022321439,86.14359088956132,1.7046,2,100.0,游댮 Extreme Greed
2025-03-24,23658.349609375,23708.75,23433.5,23515.400390625,311900.0,22972.0080859375,24069.798017578127,23038.03841838791,23546.853414262052,0,0,0,467.0080078125029,451.791503906251,88.51183663016481,1.7046,2,100.0,游댮 Extreme Greed
2025-03-25,23668.650390625,23869.599609375,23601.400390625,23751.5,338200.0,22976.75109375,24075.039521484374,23062.76829965211,23548.065324474617,0,0,0,473.1669921875,453.99014508928667,90.21704461934978,1.7046,2,100.0,游댮 Extreme Greed
2025-03-26,23486.849609375,23736.5,23451.69921875,23700.94921875,278600.0,22984.7691015625,24078.366767578125,23079.398939249088,23547.45621288159,0,0,0,473.3730078125009,456.255859375001,80.26799333102258,1.7046,2,100.0,游댮 Extreme Greed
2025-03-27,23591.94921875,23646.44921875,23412.19921875,23433.94921875,510300.0,22993.0870703125,24079.87576171875,23099.49895020991,23547.898929357892,0,0,0,469.7369921874997,457.89807198660804,79.14448094655208,1.7046,2,100.0,游댮 Extreme Greed
2025-03-28,23519.349609375,23649.19921875,23450.19921875,23600.400390625,295400.0,22999.210078125,24081.176513671875,23115.963681941874,23547.614856522243,0,0,0,471.8389843749974,459.3941434151794,75.97031885615117,1.7046,2,100.0,游댮 Extreme Greed
2025-04-01,23165.69921875,23565.150390625,23136.400390625,23341.099609375,314300.0,22996.288046875,24080.68076171875,23117.914095150038,23543.81470092252,0,0,0,470.38699218750116,460.7753571428579,66.61401052141545,1.7046,-1,25.0,游 Fear
2025-04-02,23332.349609375,23350.0,23158.44921875,23192.599609375,341000.0,22998.8710546875,24080.727763671875,23126.323331001997,23541.710570658368,0,0,0,463.3139843750032,461.7830691964295,68.52723330442325,1.7046,-1,25.0,游 Fear
2025-04-03,23250.099609375,23306.5,23145.80078125,23150.30078125,283200.0,22996.978046875,24079.983759765626,23131.1773027029,23538.80896905356,0,0,0,466.6469921875032,462.9751395089297,66.89783867856875,1.7046,-1,25.0,游 Fear
2025-04-04,22904.44921875,23214.69921875,22857.44921875,23190.400390625,466800.0,22994.5740234375,24077.1780078125,23122.286005292983,23532.496931737107,0,0,0,465.0019921874991,464.088853236608,59.833657194178684,1.7046,-1,25.0,游 Fear
2025-04-07,22161.599609375,22254.0,21743.650390625,21758.400390625,647100.0,22974.6990234375,24070.19650390625,23084.612028982476,23518.85616236037,0,0,0,458.0889843749974,464.8134960937506,44.593432946960945,1.7046,-1,25.0,游 Fear
2025-04-08,22535.849609375,22697.19921875,22270.849609375,22446.75,468300.0,22961.3090234375,24065.295751953126,23063.091934095908,23509.075002629175,0,0,0,443.2319921875023,464.3175669642863,45.42133476360128,1.7046,-1,25.0,游 Fear
2025-04-09,22399.150390625,22468.69921875,22353.25,22460.30078125,383800.0,22947.448046875,24059.45650390625,23037.05501082254,23498.030976639086,0,0,0,450.7169921875029,463.8912081473224,42.34851094497474,1.7046,-1,25.0,游 Fear
2025-04-11,22828.55078125,22923.900390625,22695.400390625,22695.400390625,402200.0,22947.4360546875,24056.093759765627,23028.878374368716,23491.369482157603,0,0,0,447.98300781250146,463.16485212053675,44.780772455248275,1.7046,-1,25.0,游 Fear
2025-04-15,23328.55078125,23368.349609375,23207.0,23368.349609375,388300.0,22954.8620703125,24055.047265625,23040.630233462103,23489.749395581406,0,0,0,456.57101562499884,462.64756696428645,49.71319576369607,1.7046,-1,25.0,游 Fear
2025-04-16,23437.19921875,23452.19921875,23273.05078125,23344.099609375,348400.0,22960.3440625,24053.6267578125,23056.181958375353,23489.22650824975,0,0,0,466.57101562499884,462.6163532366076,46.93684758984614,1.7046,-1,25.0,游 Fear
2025-04-17,23851.650390625,23872.349609375,23298.55078125,23401.849609375,505300.0,22972.3870703125,24053.541005859373,23087.37679885573,23492.83271603458,0,0,0,468.7439843750035,462.30042410714356,52.279521674140504,1.7046,-1,25.0,游 Fear
2025-04-21,24125.55078125,24189.55078125,23903.650390625,23949.150390625,406100.0,22984.730078125,24053.946259765624,23128.089504047664,23499.128418176027,0,0,0,477.0330078124971,462.5618526785719,57.777468067466316,1.7046,-1,25.0,游 Fear
2025-04-22,24167.25,24242.599609375,24072.0,24185.400390625,440900.0,23000.8540625,24054.72951171875,23168.840896045796,23505.776394114575,0,0,0,482.51101562500116,463.4742829241077,57.115305271559166,1.7046,-1,25.0,游 Fear
2025-04-23,24328.94921875,24359.30078125,24119.94921875,24357.599609375,415000.0,23012.648046875,24055.66451171875,23214.335340073412,23513.967168489056,0,0,0,483.34500000000116,464.2961411830365,59.79718087754038,1.7046,-1,25.0,游 Fear
2025-04-24,24246.69921875,24347.849609375,24216.150390625,24277.900390625,358800.0,23023.656015625,24056.278759765624,23254.82019806073,23521.25803466081,0,0,0,486.5789843750026,465.4527120535723,64.00114544523618,1.7046,-1,25.0,游 Fear
2025-04-25,24271.509136900077,,,,,23037.0192061755,24056.203805450128,23294.690352525016,23528.723219757718,0,0,0,484.93398437499854,466.99699776785775,62.628007097890475,1.7046,-1,25.0,游 Fear
